name,frameTime,F0semitoneFrom27.5Hz_sma3nz_amean,F0semitoneFrom27.5Hz_sma3nz_stddevNorm,F0semitoneFrom27.5Hz_sma3nz_percentile20.0,F0semitoneFrom27.5Hz_sma3nz_percentile50.0,F0semitoneFrom27.5Hz_sma3nz_percentile80.0,F0semitoneFrom27.5Hz_sma3nz_pctlrange0-2,F0semitoneFrom27.5Hz_sma3nz_meanRisingSlope,F0semitoneFrom27.5Hz_sma3nz_stddevRisingSlope,F0semitoneFrom27.5Hz_sma3nz_meanFallingSlope,F0semitoneFrom27.5Hz_sma3nz_stddevFallingSlope,loudness_sma3_amean,loudness_sma3_stddevNorm,loudness_sma3_percentile20.0,loudness_sma3_percentile50.0,loudness_sma3_percentile80.0,loudness_sma3_pctlrange0-2,loudness_sma3_meanRisingSlope,loudness_sma3_stddevRisingSlope,loudness_sma3_meanFallingSlope,loudness_sma3_stddevFallingSlope,spectralFlux_sma3_amean,spectralFlux_sma3_stddevNorm,mfcc1_sma3_amean,mfcc1_sma3_stddevNorm,mfcc2_sma3_amean,mfcc2_sma3_stddevNorm,mfcc3_sma3_amean,mfcc3_sma3_stddevNorm,mfcc4_sma3_amean,mfcc4_sma3_stddevNorm,jitterLocal_sma3nz_amean,jitterLocal_sma3nz_stddevNorm,shimmerLocaldB_sma3nz_amean,shimmerLocaldB_sma3nz_stddevNorm,HNRdBACF_sma3nz_amean,HNRdBACF_sma3nz_stddevNorm,logRelF0-H1-H2_sma3nz_amean,logRelF0-H1-H2_sma3nz_stddevNorm,logRelF0-H1-A3_sma3nz_amean,logRelF0-H1-A3_sma3nz_stddevNorm,F1frequency_sma3nz_amean,F1frequency_sma3nz_stddevNorm,F1bandwidth_sma3nz_amean,F1bandwidth_sma3nz_stddevNorm,F1amplitudeLogRelF0_sma3nz_amean,F1amplitudeLogRelF0_sma3nz_stddevNorm,F2frequency_sma3nz_amean,F2frequency_sma3nz_stddevNorm,F2bandwidth_sma3nz_amean,F2bandwidth_sma3nz_stddevNorm,F2amplitudeLogRelF0_sma3nz_amean,F2amplitudeLogRelF0_sma3nz_stddevNorm,F3frequency_sma3nz_amean,F3frequency_sma3nz_stddevNorm,F3bandwidth_sma3nz_amean,F3bandwidth_sma3nz_stddevNorm,F3amplitudeLogRelF0_sma3nz_amean,F3amplitudeLogRelF0_sma3nz_stddevNorm,alphaRatioV_sma3nz_amean,alphaRatioV_sma3nz_stddevNorm,hammarbergIndexV_sma3nz_amean,hammarbergIndexV_sma3nz_stddevNorm,slopeV0-500_sma3nz_amean,slopeV0-500_sma3nz_stddevNorm,slopeV500-1500_sma3nz_amean,slopeV500-1500_sma3nz_stddevNorm,spectralFluxV_sma3nz_amean,spectralFluxV_sma3nz_stddevNorm,mfcc1V_sma3nz_amean,mfcc1V_sma3nz_stddevNorm,mfcc2V_sma3nz_amean,mfcc2V_sma3nz_stddevNorm,mfcc3V_sma3nz_amean,mfcc3V_sma3nz_stddevNorm,mfcc4V_sma3nz_amean,mfcc4V_sma3nz_stddevNorm,alphaRatioUV_sma3nz_amean,hammarbergIndexUV_sma3nz_amean,slopeUV0-500_sma3nz_amean,slopeUV500-1500_sma3nz_amean,spectralFluxUV_sma3nz_amean,loudnessPeaksPerSec,VoicedSegmentsPerSec,MeanVoicedSegmentLengthSec,StddevVoicedSegmentLengthSec,MeanUnvoicedSegmentLength,StddevUnvoicedSegmentLength,equivalentSoundLevel_dBp,label
'HC_FREE_0120.wav',0.0,30.11075,0.1777685,27.79075,30.85764,34.02055,6.229801,278.8759,338.9022,205.5506,476.9777,0.2152959,0.6884813,0.08489519,0.1636939,0.3358956,0.2510004,3.342816,2.466928,2.646543,1.94437,0.06929944,0.8888528,18.38787,0.7799011,10.93616,0.97948,15.11657,0.7357313,0.009908529,1200.815,0.04011981,2.265866,0.9592794,0.9971676,6.897901,0.7116567,7.834925,2.366722,26.27604,0.6526477,500.0651,0.3257907,1237.236,0.1725535,-97.66675,-0.9578542,1582.187,0.1579435,941.9779,0.3772671,-104.6852,-0.810353,2667.978,0.09142862,766.7149,0.5089089,-106.8878,-0.7727107,-19.87434,-0.3308674,27.86265,0.2302047,0.009266107,3.610844,-0.02401147,-0.534233,0.09669222,0.6356838,29.75768,0.2664598,14.67665,0.8329975,16.83627,0.8302329,-5.907544,-2.169698,-12.55626,18.6619,-0.0666927,-0.005359237,0.03592694,2.58729,1.483904,0.3622034,0.4469143,0.2923729,0.4931234,-42.14192,0
'HC_FREE_0134.wav',0.0,26.78071,0.204064,23.71242,27.29546,31.14834,7.435919,190.1509,257.478,234.3888,400.4195,0.577487,0.7609074,0.1531359,0.4809066,0.9513718,0.7982359,11.62419,6.445856,10.45786,6.35154,0.3765369,1.069287,21.27846,0.7229155,10.96848,0.9306393,12.61036,1.146437,5.610511,2.086837,0.04418906,2.240077,1.270395,0.9245127,4.631796,1.159932,8.147123,2.183897,25.17281,0.6482668,486.6189,0.3533453,1216.066,0.2036259,-81.12871,-1.098489,1530.295,0.1636306,871.5452,0.3569886,-87.87869,-0.9338216,2553.241,0.0964797,857.398,0.4336733,-91.32165,-0.8676167,-17.60049,-0.3723226,26.57734,0.2435833,-0.0008065372,-49.00282,-0.02229602,-0.6323319,0.5157736,0.812983,30.34495,0.3373784,12.12931,0.9029939,12.8685,1.3574,4.411437,3.1287,-10.11102,16.5358,-0.0594126,-0.00615708,0.1367889,3.952802,2.26378,0.27,0.2093966,0.1514035,0.179169,-29.02919,0
'HC_FREE_0068.wav',0.0,27.61204,0.2386564,23.73901,28.83757,31.82466,8.085651,296.6854,333.7662,344.4572,896.4254,0.2911502,0.7344033,0.08125719,0.2583664,0.4603565,0.3790993,4.781896,2.865811,3.862978,2.708632,0.1807503,0.9762915,25.78495,0.5789788,14.1351,0.8330544,18.82808,0.6812397,5.256378,1.844518,0.05752935,1.896568,1.141869,1.084393,5.589469,1.124753,8.804989,2.306458,31.02254,0.6143858,551.776,0.2933453,1332.157,0.1614598,-95.39326,-0.9273841,1644.651,0.1465273,1002.489,0.4453191,-103.426,-0.7699619,2704.919,0.08630721,800.861,0.439847,-106.0352,-0.7280477,-24.13557,-0.2985928,32.95915,0.2316997,-0.001216481,-30.24952,-0.02502426,-0.4347051,0.2405315,0.7681731,35.18156,0.2890762,18.40969,0.5983617,22.03112,0.6398335,3.651745,2.692752,-13.80934,20.72208,-0.05842637,-0.00955193,0.09982757,3.971813,2.382486,0.2313513,0.2327643,0.1605263,0.2103624,-34.72137,0
'HC_FREE_0054.wav',0.0,28.91502,0.1276541,27.48843,29.13435,31.29628,3.807844,157.0168,135.1087,118.5346,150.5502,0.3727378,0.7584614,0.07978567,0.3026336,0.6717556,0.59197,5.768764,3.215631,4.684416,2.791558,0.1524507,1.031201,27.59332,0.6299609,8.551358,1.402097,8.706062,1.6231,9.205949,0.9614518,0.0252721,2.788059,0.8969985,1.169272,7.658758,0.5480507,7.139522,2.322843,28.51175,0.5085313,516.5267,0.3115262,1344.468,0.1670194,-81.49473,-1.122591,1538.209,0.1384515,1032.02,0.3425413,-89.96396,-0.9309689,2508.514,0.11735,958.5927,0.3835303,-94.84914,-0.8419882,-19.45039,-0.3960838,29.33417,0.2642478,0.02891364,1.26539,-0.02392972,-0.5824182,0.2005243,0.7536547,38.80474,0.2633929,10.49484,1.15331,8.417367,2.005733,8.286466,1.120924,-12.08424,19.58661,-0.04925846,-0.004517831,0.07288305,2.955301,1.776462,0.3404167,0.2324235,0.1973469,0.291546,-34.37103,0
'HC_FREE_0083.wav',0.0,24.51973,0.1461867,23.31608,25.01538,26.40105,3.084976,351.7924,404.7467,124.2626,214.1911,0.571926,0.5541731,0.2928852,0.4966091,0.8075691,0.5146839,5.688025,3.857054,5.439403,3.562541,0.2665139,0.9834152,20.27483,0.5550992,8.438425,0.8596472,10.45523,0.9018838,4.433731,2.025193,0.03199543,2.405772,1.072964,0.8619817,3.883021,1.129506,0.2820126,36.02252,19.29597,0.4590021,460.6322,0.3434006,1208.338,0.1669131,-77.21292,-1.166203,1452.913,0.1550636,907.637,0.2614117,-85.4232,-0.9736518,2447.151,0.09524221,755.775,0.2632118,-88.15756,-0.919911,-15.20313,-0.2950369,22.89823,0.2444413,-0.0003687832,-79.4782,-0.0219379,-0.5449284,0.3278539,0.7218173,26.66477,0.3225284,9.982029,0.8149427,12.41807,0.8753589,4.424122,2.451884,-7.698689,16.4025,-0.02686633,-0.005311369,0.1559832,3.038674,2.016608,0.3086275,0.3158122,0.1766667,0.2075485,-32.28918,0
'HC_FREE_0082.wav',0.0,31.17162,0.1829793,29.05075,31.65991,34.11571,5.064955,246.4966,268.1695,175.1654,328.9571,0.4010226,0.7839503,0.08505598,0.340521,0.6685714,0.5835154,8.326344,4.66652,5.989962,4.234469,0.2243523,1.050102,30.6126,0.4868426,12.46766,0.8594119,14.35242,0.9845214,-1.660037,-9.386672,0.04315262,2.1293,1.026111,1.068364,7.620549,0.6585457,6.447691,2.382044,31.07107,0.4964143,576.3577,0.2647554,1293.446,0.1545129,-74.75083,-1.135696,1652.27,0.1689549,922.2356,0.4160256,-83.17252,-0.9155009,2699.487,0.08631415,863.7701,0.5023541,-87.68641,-0.8319835,-22.87049,-0.2930209,32.53212,0.2363023,0.03152139,1.237472,-0.03167434,-0.4212552,0.2931557,0.8396343,38.5355,0.2650045,13.17548,0.9055991,16.67203,0.9496859,-6.387066,-2.444017,-16.30809,22.34133,-0.05038364,-0.01278752,0.07621243,3.429505,2.292577,0.2885714,0.2235383,0.1455556,0.2119151,-31.61842,0
'HC_FREE_0055.wav',0.0,23.90766,0.1491863,22.03892,23.93453,26.29023,4.251308,224.1209,470.0409,85.57375,118.975,0.3881629,0.6300216,0.1643616,0.3374925,0.5952405,0.4308789,5.435606,3.386137,4.765879,2.980599,0.1771905,0.8021517,33.20423,0.4887834,9.712931,1.206613,11.69487,1.525003,6.380246,1.588176,0.03221925,2.54003,1.160412,1.008292,4.382175,0.9910636,3.101337,4.925903,27.463,0.3636236,470.1289,0.2419973,1283.317,0.1479824,-56.3735,-1.433855,1510.94,0.1597958,982.2294,0.399591,-68.90955,-1.067914,2505.323,0.08857726,918.0488,0.4580548,-74.09115,-0.9497105,-19.60431,-0.3410109,28.46486,0.2554551,0.01447726,2.119708,-0.02740931,-0.5094744,0.2101981,0.6779399,40.10024,0.2777741,11.70177,0.9835446,12.13979,1.638977,6.672485,1.623664,-11.10281,19.68977,-0.03495795,-0.008357848,0.08009548,3.640351,2.004389,0.3627007,0.3237204,0.12608,0.1764444,-34.27766,0
'HC_FREE_0069.wav',0.0,26.26896,0.14361,23.87026,26.56635,28.87962,5.009352,199.8583,160.4822,73.43829,108.6471,0.3910513,0.7712684,0.1268847,0.2905646,0.6643445,0.5374598,6.429782,3.947165,4.981414,3.369261,0.1294075,0.9245622,30.76611,0.4416908,6.662572,2.060458,19.59255,0.7676527,-3.022952,-4.272271,0.03228734,2.947474,1.049966,1.125559,6.106255,0.7218433,5.106321,2.832731,26.92599,0.4129124,502.5354,0.294197,1247.228,0.1958097,-58.72687,-1.383639,1570.865,0.1600811,883.5526,0.4436379,-69.83614,-1.068485,2604.045,0.09828784,926.6299,0.4795834,-73.34452,-0.9875125,-18.44827,-0.3996211,27.14662,0.2742021,0.02316643,1.407759,-0.02783269,-0.4925184,0.1562504,0.7843257,36.9367,0.2403819,6.68053,2.248616,22.5009,0.7065071,-5.795565,-2.239507,-12.55563,20.07277,-0.03698157,-0.01213649,0.0519122,3.220906,1.643335,0.4425926,0.3934895,0.1507692,0.2048531,-35.51855,0
'HC_FREE_0135.wav',0.0,19.77508,0.168549,16.95353,19.37141,22.65393,5.700403,174.7404,219.1566,62.73123,134.1538,0.2139075,0.7051499,0.1009727,0.1573307,0.304022,0.2030493,3.206305,2.525842,2.827377,2.156,0.08631764,0.9475394,20.79404,0.6582921,10.72881,0.798687,16.70288,0.6252692,7.435994,1.125472,0.03019791,1.564431,1.304932,0.8853093,2.875614,1.204512,6.464357,2.180582,26.34782,0.3452442,510.2733,0.3086173,1272.291,0.1869039,-92.66002,-0.9737159,1577.916,0.1283676,1006.191,0.3669933,-101.5939,-0.8107028,2569.681,0.1163382,1020.506,0.4744114,-103.1305,-0.7848408,-20.58237,-0.249974,28.16942,0.1903813,-0.01682784,-1.834107,-0.02361285,-0.6188674,0.1260753,0.6247928,30.34903,0.3254654,15.21246,0.5327658,20.11876,0.6111575,5.659732,1.795883,-9.678841,14.48739,-0.06127558,-0.002734418,0.03246873,2.327897,1.918286,0.2894156,0.2142285,0.2253472,0.3765816,-40.42474,0
'HC_FREE_0121.wav',0.0,24.91316,0.1318161,23.60023,25.22764,27.21534,3.615116,334.8717,323.944,120.0913,260.9064,0.1870298,0.523481,0.09421575,0.1591941,0.2772165,0.1830008,2.448224,1.440529,2.061261,1.447345,0.05571757,0.7185813,21.38692,0.6079792,12.02978,0.6630231,13.76953,0.9122795,7.376037,1.278016,0.03668303,2.485447,1.226656,0.8210682,4.632683,0.7652642,2.473844,8.586024,19.42009,0.474589,501.4516,0.3276489,1297.074,0.1745455,-81.97775,-1.078986,1546.623,0.1548293,1030.01,0.4140316,-90.44556,-0.901216,2509.054,0.1512052,962.8154,0.4057887,-92.62954,-0.8610245,-18.4963,-0.2561095,26.86396,0.1659524,-0.009229167,-2.897304,-0.0224647,-0.5451546,0.07133292,0.5450487,29.63553,0.274931,14.14161,0.6142707,14.43413,1.046967,6.792663,1.635956,-12.78792,19.94989,-0.06121638,-0.0052876,0.02891459,3.43458,1.824561,0.3365385,0.3556786,0.1985333,0.2756021,-44.99043,0
'HC_FREE_0137.wav',0.0,24.26199,0.1439693,22.83216,24.02152,26.33567,3.503511,314.4811,333.779,70.26582,87.26135,0.2874012,0.5525377,0.1323013,0.2552934,0.413147,0.2808457,3.477082,2.027501,2.832105,1.855852,0.1534689,1.140803,28.26602,0.5175486,17.89911,0.5337396,17.57887,0.6699612,8.034173,1.387862,0.03527681,2.654026,1.104735,1.028935,5.271238,0.8142762,4.265212,3.702233,30.69637,0.3210973,514.9055,0.3466717,1326.252,0.1647734,-64.42776,-1.240743,1574.712,0.1698707,1107.269,0.3115278,-77.64479,-0.9189705,2622.975,0.1085196,959.9857,0.3886201,-81.51241,-0.8442533,-25.26269,-0.211519,34.38483,0.1567522,-0.006769056,-5.816456,-0.02696339,-0.5285089,0.1739547,0.9688,35.38793,0.26839,21.0312,0.3855785,19.61941,0.6410687,7.243255,1.709186,-12.79228,19.84129,-0.06151006,-0.004710501,0.09695681,3.33587,1.967505,0.3621936,0.3056273,0.1362676,0.2201684,-35.18636,0
'HC_FREE_0080.wav',0.0,22.24507,0.1466841,20.62792,22.33883,24.11463,3.486708,187.8565,214.0246,85.42699,149.9921,0.3564572,0.647295,0.1470181,0.3134789,0.5429206,0.3959025,5.295854,2.957831,5.057985,3.575503,0.1461805,0.8379923,31.91001,0.4511533,6.796757,1.504487,15.29118,0.9070952,12.84181,0.9725056,0.02828409,2.438765,1.237281,0.9400596,3.364837,1.287148,4.669527,3.806885,22.47025,0.5951154,425.8493,0.2720953,1193.608,0.1469866,-50.9408,-1.510082,1427.021,0.1186737,889.4082,0.2654199,-61.63577,-1.148003,2376.557,0.09527425,871.1489,0.3911116,-65.75735,-1.043821,-17.67641,-0.3189984,25.47201,0.2587304,0.006089711,4.801863,-0.01983706,-0.7208956,0.1686389,0.7484314,37.57337,0.2505349,6.693768,1.568241,17.09823,0.8532068,13.91133,0.9465502,-10.16533,17.55189,-0.03370334,-0.007789323,0.07038314,4.070407,2.095974,0.3597368,0.3424485,0.09756757,0.1080642,-36.10288,0
'HC_FREE_0081.wav',0.0,25.46642,0.1725613,23.26222,25.23713,28.85868,5.596462,205.828,310.4711,91.47948,93.39745,0.3137823,1.028973,0.05773796,0.1679988,0.5658594,0.5081215,8.3678,6.16698,7.071154,4.911314,0.1930001,1.316341,22.81006,0.7032674,12.27976,0.7898958,11.18684,1.140659,8.484623,1.4976,0.04777149,2.060445,1.303007,0.8791306,4.377545,1.048936,3.681918,4.220064,29.41895,0.4456638,513.1967,0.3393053,1287.684,0.1727688,-110.2686,-0.8371425,1528.93,0.177984,977.486,0.3666835,-117.5103,-0.7176878,2600.261,0.1208825,917.0563,0.3765036,-121.7334,-0.6561189,-22.16683,-0.3529322,32.15846,0.2460558,0.002771553,13.30087,-0.0294621,-0.5920459,0.3372872,0.8509644,36.33832,0.2962539,17.07655,0.6267369,12.50226,1.35335,3.385253,4.319423,-14.51709,20.76179,-0.07005069,-0.004603421,0.0600959,2.367942,1.642336,0.2822222,0.2780479,0.3120455,0.5963967,-32.84279,0
'HC_FREE_0056.wav',0.0,36.24732,0.1512472,33.8703,36.71347,39.86231,5.992016,239.1164,443.156,263.0798,498.8006,0.374469,1.100371,0.05372674,0.1393771,0.7169313,0.6632046,8.785062,5.398216,8.158428,5.905176,0.1955195,1.30538,22.77037,0.6412163,4.477767,2.467273,5.631372,2.231791,2.20663,6.036754,0.02826962,1.846298,0.9748022,1.05777,9.69087,0.5000822,6.018609,3.243591,26.198,0.712424,744.6821,0.20469,1254.71,0.1834253,-119.4911,-0.7546982,1792.601,0.133506,887.8716,0.3658338,-122.0184,-0.6870981,2818.615,0.09516465,865.5893,0.3889683,-125.6585,-0.6352587,-19.29411,-0.4107364,30.36487,0.2857629,0.04818585,0.9176149,-0.02493514,-0.6217142,0.3701056,0.7424681,35.13737,0.3150852,4.660294,3.197015,0.189518,81.76947,-6.535808,-2.143645,-13.63776,20.81504,-0.04797428,-0.004328537,0.04990182,2.54656,1.713633,0.2557778,0.217557,0.3013043,0.4540092,-31.65581,0
'HC_FREE_0122.wav',0.0,28.58197,0.2274749,25.43945,30.11502,33.30822,7.868771,322.0476,392.3921,217.6597,452.9409,0.2616503,0.7111203,0.09303538,0.201899,0.4305279,0.3374926,4.92001,3.218564,3.788764,2.715831,0.1814995,1.63205,19.84499,0.7359586,15.8005,0.6773048,16.44431,0.6674407,3.964604,2.925204,0.04841716,2.361437,1.105804,1.023628,5.87504,1.141585,7.60503,3.375107,26.34619,0.7894759,605.6696,0.3116039,1313.611,0.1772833,-101.1963,-0.8775041,1724.702,0.1396198,924.3787,0.4622532,-108.3226,-0.7465017,2857.625,0.08605032,803.692,0.5797012,-110.7573,-0.7094278,-23.90183,-0.2309388,32.74621,0.2013016,-0.01962787,-2.395143,-0.02699865,-0.4742882,0.2434587,1.298652,30.56398,0.311096,20.56614,0.4990772,20.1825,0.6001868,-0.1540121,-85.78107,-14.44297,21.21397,-0.06772721,-0.007694611,0.1060365,2.794022,1.739555,0.3075701,0.3174602,0.2609901,0.4739251,-35.20306,0
'HC_FREE_0136.wav',0.0,26.86134,0.1524657,24.86465,26.86099,29.43348,4.568832,254.2668,234.9106,64.99565,78.56441,0.3160804,0.5777237,0.1268788,0.3019448,0.4584808,0.3316021,4.484341,2.956853,3.01932,2.140251,0.1546794,1.199323,26.87535,0.5505149,15.96609,0.5973613,16.67228,0.7227385,7.529761,1.55301,0.03120881,2.725609,0.9663869,1.133027,6.496356,0.7134915,6.457063,3.243953,27.20055,0.3341343,492.05,0.3383361,1311.763,0.1738065,-64.02787,-1.240612,1529.505,0.1625868,1017.112,0.3261136,-75.45802,-0.9511824,2626.766,0.08103509,859.597,0.4497651,-79.8545,-0.8617267,-22.82685,-0.2855383,33.02899,0.2193273,-0.006461831,-6.059507,-0.02407599,-0.5484458,0.1856799,1.083833,33.82405,0.2982901,17.91413,0.5272382,17.4976,0.773569,6.087103,2.121027,-12.30574,18.89845,-0.0611933,-0.006020226,0.06872494,2.310107,1.934673,0.3711039,0.2753523,0.1413333,0.2299172,-34.72541,0
'HC_FREE_0132.wav',0.0,30.89619,0.1687603,29.66586,31.57006,34.13361,4.467751,396.5338,567.6146,263.4891,586.0628,0.4573089,0.7153962,0.1487983,0.3760158,0.7202013,0.5714029,7.065407,4.423789,5.213137,3.723127,0.1712093,1.09598,24.10967,0.6716139,13.49927,0.8139771,10.61061,1.124172,-0.005538699,-2262.605,0.02691987,2.954397,0.7950526,1.257435,8.755596,0.5837678,5.403778,2.726926,28.92843,0.5209634,631.193,0.2829437,1343.544,0.1760345,-79.68523,-1.092821,1659.152,0.1539504,1015.74,0.3780698,-87.98495,-0.9054773,2786.189,0.09825745,810.378,0.5181091,-93.1284,-0.812772,-21.43297,-0.3323889,32.36211,0.2196385,0.01351543,3.004707,-0.02781032,-0.5170544,0.2149663,0.857855,33.88916,0.3039949,15.82,0.779211,9.869053,1.431912,-4.842721,-2.643844,-10.99394,17.30656,-0.06859218,-0.005445594,0.08781105,2.567618,1.658975,0.3842105,0.3659332,0.2036434,0.3072407,-31.24198,0
'HC_FREE_0052.wav',0.0,28.80811,0.1777666,27.50503,29.72084,32.23453,4.7295,229.6491,299.0393,165.3,358.4298,0.2851662,0.7895739,0.07321823,0.2263319,0.4732126,0.3999944,4.918958,2.736351,4.154729,2.652738,0.1113358,1.158166,24.72036,0.5749559,11.13439,1.109413,10.6905,1.271761,3.531049,3.055025,0.04229122,2.127752,1.06431,1.050599,6.180756,0.8764781,3.747782,5.623749,27.08832,0.8198239,599.8936,0.2582222,1355.38,0.1656063,-88.73212,-1.030759,1638.012,0.1460642,1056.477,0.4854246,-97.69704,-0.8520148,2691.687,0.1033429,860.9256,0.560087,-101.1231,-0.7943677,-19.71768,-0.3542446,28.74407,0.2616191,0.02721077,1.304731,-0.03177311,-0.451421,0.1517359,0.9180998,33.8196,0.2697608,14.77266,0.8660377,11.10025,1.457005,-0.128594,-87.18915,-13.37296,20.76265,-0.04681858,-0.009304849,0.0527751,2.981553,1.846682,0.3102325,0.1979369,0.2160714,0.2291393,-38.40615,0
'HC_FREE_0053.wav',0.0,32.07378,0.2079499,30.33215,33.54752,36.1384,5.806248,486.7115,687.5836,641.1774,919.2739,0.2851504,1.071611,0.0596929,0.1709096,0.471667,0.4119741,8.665137,6.55477,6.596437,5.320068,0.1236602,1.401715,25.0382,0.5483409,6.510207,1.957737,14.07182,0.975772,1.312545,11.89613,0.04104782,2.494662,0.9344608,1.131844,7.843275,0.7435794,7.614326,2.454914,23.10016,0.8712869,549.2427,0.335197,1294.287,0.1817938,-109.7317,-0.8297637,1624.939,0.1748944,917.9542,0.4189729,-111.127,-0.7565275,2661.049,0.09429406,893.1678,0.5394874,-113.7157,-0.7169818,-19.79276,-0.4633467,29.68407,0.3465025,0.02803758,1.214031,-0.02122381,-0.6395637,0.2011718,1.02313,35.36659,0.2689625,6.858815,2.352549,18.80029,0.8961809,-6.903975,-2.311596,-14.8502,22.85538,-0.04594793,-0.005312561,0.04141528,2.113503,1.921569,0.2577551,0.2556406,0.262,0.4876638,-36.30439,0
'HC_FREE_0133.wav',0.0,29.09323,0.177758,28.24896,29.5568,32.62856,4.379593,305.7899,388.1588,139.4397,348.2234,0.4262966,0.5473689,0.1916488,0.3911475,0.62725,0.4356011,5.669427,3.726469,4.145376,3.431246,0.1832632,1.756988,24.43383,0.5783885,12.90013,0.7712995,14.04112,1.06506,1.101909,10.37517,0.03369163,2.991295,0.7600244,1.181797,7.075344,0.7909516,4.468888,4.349807,24.19427,0.7218601,580.3604,0.2938726,1293.384,0.1617249,-66.04613,-1.261357,1682.829,0.1529315,906.7828,0.4705184,-75.74095,-1.007689,2742.015,0.08369756,889.9451,0.5346016,-79.14474,-0.9349495,-18.90516,-0.3072203,27.77325,0.2234652,0.006487597,5.495097,-0.0283863,-0.4850478,0.1935717,1.32071,31.52435,0.2817487,14.20068,0.7362265,14.58711,1.175328,-2.014969,-5.824679,-10.98779,17.49044,-0.06192932,-0.008050825,0.1568007,3.123681,2.04944,0.337835,0.3081211,0.1392222,0.1925803,-33.36489,0
'PD_FREE_0039.wav',0.0,27.99978,0.1447328,26.55507,28.44582,31.07147,4.516397,369.4467,384.107,60.71072,75.80165,0.4070348,0.7760366,0.1465937,0.2942753,0.6430062,0.4964125,5.593318,3.38567,4.908107,3.263016,0.2144535,0.9603553,31.54499,0.4665505,18.0906,0.654833,11.58922,1.118996,0.1545208,70.81367,0.03684849,2.317889,1.167415,0.9386737,6.670731,0.66629,3.375073,3.226702,34.23115,0.3066923,571.6863,0.2555092,1357.505,0.1506398,-67.11478,-1.217582,1650.594,0.1836433,1094.127,0.380094,-79.78015,-0.912736,2713.977,0.1215024,993.3168,0.3850777,-84.10957,-0.8308306,-25.9393,-0.2718064,34.44572,0.2276222,0.02780355,1.456062,-0.03432567,-0.3544339,0.2749457,0.7732,38.39914,0.2726707,22.54527,0.4363033,13.31977,1.066165,-0.5207361,-22.49157,-11.93779,18.92833,-0.02278949,-0.01498136,0.0627223,2.963311,1.791608,0.3921053,0.3116185,0.1614706,0.195826,-30.09601,1
'HC_FREE_0051.wav',0.0,25.25124,0.1111483,23.97666,25.56695,27.12224,3.145582,314.5341,345.6365,83.5517,192.265,0.3506126,0.9023971,0.06551757,0.262718,0.598343,0.5328255,5.928375,3.094471,4.76107,3.142699,0.1425308,1.021073,29.19246,0.5599529,5.837068,1.954252,16.70338,0.9000614,4.887284,2.589689,0.02648019,2.41266,1.076601,0.9534068,5.227045,0.7087025,3.734493,3.735173,22.36853,0.4714961,467.2573,0.2750585,1247.154,0.1628239,-76.69163,-1.193822,1508.821,0.1719474,944.9379,0.3641962,-86.38243,-0.9723097,2475.775,0.08646522,887.8535,0.3895577,-87.45338,-0.9500924,-18.63692,-0.3256207,24.21886,0.2806366,0.02121292,1.449454,-0.03276546,-0.3775473,0.2057667,0.7097331,39.53876,0.234461,4.909485,2.761403,20.86686,0.8065425,2.153281,6.407571,-15.89739,22.68359,-0.05480085,-0.00986264,0.03037912,2.691648,1.2939,0.4854082,0.3747766,0.2808602,0.368734,-34.82486,0
'HC_FREE_0045.wav',0.0,21.68597,0.1691772,18.90395,20.56323,24.66569,5.761742,154.7029,148.9854,75.21233,106.2376,0.2024681,0.6883301,0.07140183,0.1846269,0.2979428,0.226541,3.10926,1.834649,2.182434,1.365173,0.08556734,0.8274459,22.65987,0.6599861,11.03754,0.8546446,20.65433,0.6714094,1.838701,5.125683,0.03889011,2.015429,1.419826,0.8214402,3.095734,1.150633,3.228448,5.648301,27.16083,0.4875913,462.51,0.3330653,1161.451,0.167162,-85.35687,-1.058417,1527.79,0.1385732,889.032,0.3839817,-97.05855,-0.8314652,2569.716,0.08346877,837.6025,0.4410821,-99.31729,-0.7937979,-20.90098,-0.2778752,28.78393,0.2297685,0.0008714198,35.62378,-0.02360291,-0.4731626,0.1204592,0.5770127,32.19886,0.2944336,14.09347,0.626422,27.57575,0.489407,-0.2254791,-45.10688,-12.22833,18.62062,-0.04333465,-0.007774579,0.03348451,3.153153,2.110023,0.2760714,0.2225396,0.1653333,0.2675535,-41.69038,0
'HC_FREE_0086.wav',0.0,30.29031,0.1424152,28.25742,30.51484,33.61247,5.355049,386.5648,587.5203,116.5209,193.5319,0.3743731,0.7329941,0.1089441,0.3275995,0.5870991,0.4781551,5.761124,3.010086,4.500548,2.815296,0.1993859,0.9394367,26.24337,0.596377,18.06615,0.6732395,14.83752,0.9223416,1.681148,6.972878,0.03447913,2.55314,0.9743884,0.9700775,7.703011,0.604565,9.479214,1.68273,34.69014,0.5009579,616.1207,0.2407891,1250.83,0.1533349,-79.31293,-1.074404,1726.681,0.1451683,857.8297,0.4999909,-89.63162,-0.8599395,2852.746,0.08468825,706.8228,0.5690285,-93.4389,-0.7935606,-24.68216,-0.2873653,32.90326,0.2477819,0.03174096,1.24979,-0.03444617,-0.3733686,0.2653171,0.7151701,34.65711,0.3106256,22.19626,0.4918684,16.21663,0.9593628,-0.5803537,-21.62265,-11.67091,17.49734,-0.04308692,-0.01386421,0.07249874,3.467561,2.015678,0.3158889,0.2534294,0.155,0.1803951,-31.61162,0
'HC_FREE_0087.wav',0.0,17.0706,0.1568916,14.46958,16.87428,19.59378,5.124201,184.2999,239.6467,44.2463,39.89863,0.2855132,0.6538776,0.09262302,0.2549348,0.4446354,0.3520124,4.408838,2.316158,3.353701,2.232573,0.1962451,0.8084865,30.50994,0.5019792,10.31206,0.8167186,13.94613,1.139668,7.555044,1.666504,0.03051905,1.197413,1.502961,0.9206604,1.04626,3.417862,2.718172,4.985664,26.76298,0.4980573,500.8552,0.3294715,1301.269,0.1685164,-66.06519,-1.28989,1495.124,0.1659948,1013.397,0.3323003,-76.69247,-1.021033,2507.916,0.1444737,916.9606,0.3847132,-81.65229,-0.9189246,-20.87662,-0.2673349,29.28101,0.2024925,-0.009413158,-2.759149,-0.02526977,-0.6244237,0.2587019,0.5653539,38.53048,0.2505631,11.85744,0.7089238,16.51824,1.061494,7.0323,2.010452,-13.47525,20.44432,-0.04606502,-0.006534682,0.05296407,3.787353,1.777004,0.3847059,0.3193889,0.161,0.2246887,-36.5915,0
'HC_FREE_0118.wav',0.0,32.31855,0.2345269,25.96877,34.29602,36.67487,10.7061,253.5136,203.7149,110.9144,101.3646,0.4287193,0.8082569,0.1050996,0.3193602,0.7585008,0.6534012,7.021352,3.562169,6.416329,3.713254,0.2309711,0.9900221,24.22048,0.5134445,10.57784,1.233734,6.826502,2.493026,-1.3426,-10.0732,0.06780405,2.262357,1.087397,0.8691204,6.25718,0.9257221,9.085663,2.500452,27.41008,0.588464,592.5974,0.2667802,1334.497,0.1729309,-76.21925,-1.18761,1669.252,0.1490652,1022.982,0.4695497,-83.23069,-0.9822239,2704.156,0.09484775,841.0538,0.4813077,-87.41003,-0.8972681,-18.56733,-0.3891091,28.69381,0.246554,0.03584275,1.148285,-0.0259201,-0.5230457,0.3053716,0.7514039,30.99158,0.2780447,10.15584,1.476268,3.028403,6.486074,-6.479955,-2.120221,-14.04186,19.41039,-0.04677992,-0.007048311,0.08794232,3.420074,1.716418,0.3756522,0.3438886,0.1704,0.1894514,-33.91219,0
'HC_FREE_0130.wav',0.0,23.19681,0.2018658,20.86848,23.41128,26.04577,5.177292,254.555,284.5745,96.7165,135.3278,0.3926479,0.7093175,0.1516059,0.2775559,0.6408928,0.4892869,5.651295,3.522642,5.58533,4.20543,0.2534419,1.332769,22.20073,0.6594176,17.78177,0.5661678,16.58439,0.6995205,8.788659,1.021176,0.03546693,2.208947,1.210575,0.9965014,3.903609,1.433241,5.852481,3.831686,27.96518,0.6113318,503.7464,0.3545026,1295.181,0.185406,-87.94405,-1.000224,1576.043,0.1712003,1002.188,0.3810969,-97.77469,-0.8117158,2607.624,0.119979,923.0018,0.4259114,-100.0749,-0.7732097,-23.71257,-0.274529,31.99941,0.2285574,-0.01989571,-1.816293,-0.02427108,-0.5976912,0.3372532,0.9062467,31.14321,0.3647501,23.11266,0.3486569,18.50483,0.7489178,8.765268,1.240843,-11.5255,17.64843,-0.05976346,-0.006236624,0.1238294,2.499637,2.094241,0.2805555,0.3377782,0.181,0.2689618,-29.74066,0
'PD_FREE_0038.wav',0.0,26.9708,0.1523769,25.47812,27.72119,29.3282,3.850088,369.4096,503.5746,75.39996,87.9616,0.2664697,0.9756188,0.05847914,0.1412711,0.4898154,0.4313363,5.295056,3.927401,4.244357,3.395746,0.08167558,1.271982,26.75824,0.5664322,6.514507,1.144436,12.86625,1.027086,4.255607,3.13618,0.03094536,2.872488,0.8420353,1.188002,7.195194,0.5360702,4.378585,2.436224,25.18538,0.3452628,454.6429,0.3361164,1251.236,0.1868124,-101.9286,-0.9303414,1423.076,0.1609181,941.9005,0.3399383,-107.5589,-0.822044,2437.42,0.1085895,880.9506,0.3829051,-111.7995,-0.7540739,-17.86768,-0.2840598,28.31219,0.2480243,0.02005962,1.757349,-0.02454021,-0.5528402,0.1356998,0.8796354,39.66326,0.2161914,5.84613,1.65316,16.19853,1.052318,-1.728713,-8.902094,-14.95193,21.38336,-0.05782156,-0.006662513,0.02322108,1.863354,0.9433962,0.5411363,0.4017531,0.5093023,0.7109195,-37.3096,1
'PD_FREE_0077.wav',0.0,26.45021,0.1413122,25.03621,27.32084,28.50915,3.47294,330.7001,333.5849,121.9955,302.784,0.2334857,0.8640608,0.06774417,0.1408848,0.4046933,0.3369491,3.948811,2.349327,3.073517,1.874638,0.1000166,1.12071,26.55857,0.5848014,12.88662,0.6815056,19.47582,0.5900537,12.12544,0.7648809,0.03962258,2.475381,1.019299,1.041337,6.391363,0.613117,4.658669,3.373489,28.28759,0.4725857,481.7948,0.3494907,1330.656,0.170132,-100.4967,-0.9017788,1542.327,0.1425219,1031.565,0.3853349,-109.6293,-0.7406855,2538.735,0.1097247,970.6133,0.3302378,-112.0333,-0.7043325,-23.00231,-0.2925799,31.89854,0.252089,0.002229036,14.9247,-0.02012554,-0.5009116,0.1567962,0.7855195,36.907,0.3511883,14.37174,0.6372516,23.95479,0.4928649,12.6162,0.8092671,-14.8597,20.10705,-0.03248602,-0.007704309,0.03375799,2.195019,1.734349,0.2992683,0.2645234,0.2742105,0.4913227,-35.29085,1
'HC_FREE_0143.wav',0.0,31.54601,0.2745562,22.28593,34.36829,38.40948,16.12355,299.8456,333.6858,298.5997,448.984,0.3115919,0.703016,0.0951845,0.2669458,0.5180314,0.4228469,5.554753,3.640925,4.380497,2.940078,0.212647,1.380788,21.03647,0.7087914,12.51298,0.8486437,10.35578,1.186795,1.69154,6.479662,0.07546197,2.068431,1.192855,1.090112,6.139285,1.273234,6.051991,4.839822,22.9911,1.269928,547.6333,0.3158307,1303.812,0.1810605,-97.1694,-0.933171,1631.6,0.1636527,991.2794,0.4231046,-100.5114,-0.8090888,2705.764,0.09215295,868.8367,0.4963557,-104.1539,-0.7501025,-21.92636,-0.2779193,31.60686,0.2237594,0.01056693,4.651133,-0.02413692,-0.5208838,0.2835802,1.092491,30.81836,0.3188111,16.03977,0.6509282,9.179542,1.614387,-2.514579,-4.628224,-13.65906,20.46858,-0.06034289,-0.005312958,0.1142386,3.485613,2.434318,0.230061,0.2045831,0.1886957,0.284943,-34.51954,0
'PD_FREE_0117.wav',0.0,33.75311,0.178145,33.15607,35.63531,36.86045,3.704384,389.4158,611.8734,165.065,182.9963,0.4082815,0.7238629,0.1006949,0.3476056,0.6875741,0.5868793,6.624659,4.384558,6.087988,4.275586,0.2051023,1.078624,25.41984,0.5184939,11.7723,1.015215,0.5099512,37.70117,0.2132182,66.58228,0.03061655,2.616153,0.914444,1.101009,8.192264,0.7593372,1.604637,10.81998,25.6699,0.6408438,674.3908,0.2627333,1372.183,0.1734495,-75.98283,-1.152742,1658.48,0.1651051,1033.553,0.3727182,-82.13177,-0.977814,2832.678,0.1020372,869.4476,0.4344338,-89.69999,-0.8320788,-18.30944,-0.4282236,31.69369,0.2487556,0.01467722,3.147396,-0.02333033,-0.6021118,0.2569839,0.8968981,32.10776,0.3131095,11.3743,1.176209,-6.505223,-2.935232,-4.921512,-2.888328,-15.93878,23.21779,-0.05979655,-0.005007043,0.1012262,3.408466,2.094818,0.3115789,0.34304,0.1617647,0.2432074,-34.47825,1
'HC_FREE_0036.wav',0.0,36.0814,0.1051602,34.45277,35.80362,38.71132,4.258549,209.2046,217.1989,100.6642,163.8163,0.3772387,0.7239223,0.1024646,0.3518529,0.599112,0.4966474,6.387646,3.624677,4.806961,4.075235,0.125758,1.09645,32.14292,0.4645269,3.511874,4.253813,5.670996,2.380648,-8.097354,-1.855715,0.02320375,3.103593,0.7788413,1.267264,11.04513,0.3678932,6.319795,1.456931,27.1621,0.3580809,633.5024,0.3087392,1372.478,0.1816117,-72.08857,-1.197865,1621.679,0.1902157,1008.283,0.3682967,-74.027,-1.048468,2712.381,0.1033433,815.2789,0.4549468,-81.13859,-0.8991744,-18.05552,-0.4440442,31.00703,0.2682422,0.04434107,0.7246357,-0.02191153,-0.6369094,0.157589,0.9263476,39.02488,0.257385,1.249629,12.44601,3.929493,3.744033,-13.46911,-1.018416,-15.58913,26.1492,-0.04515181,-0.006224988,0.04503896,2.826159,1.514154,0.4645652,0.3420571,0.1791111,0.2799986,-35.1302,0
'HC_FREE_0142.wav',0.0,23.66637,0.1710459,20.99237,23.88268,26.91841,5.926037,232.4337,255.9275,92.97261,135.4229,0.5146747,0.9980134,0.09681186,0.2765292,0.9622465,0.8654346,11.94322,7.047726,10.74788,6.461638,0.3309808,1.266993,21.373,0.8033709,10.73337,0.925782,13.31753,0.9162254,10.25892,1.019053,0.04081828,2.41585,1.33176,0.8941441,3.696543,1.304736,5.605198,4.033306,25.20821,0.6244677,450.3731,0.3324554,1222.752,0.1655975,-91.82355,-1.00633,1457.37,0.141465,951.1432,0.3019108,-99.97345,-0.8470798,2447.299,0.1018762,887.228,0.3107706,-103.2757,-0.7907581,-19.49541,-0.3026817,27.69555,0.2475681,-0.007906904,-5.09369,-0.02275508,-0.6356064,0.5374373,0.8336933,33.84218,0.339298,13.00627,0.8389388,14.63655,1.047545,10.80536,1.176734,-12.03216,18.30801,-0.06697797,-0.003203933,0.05790373,2.570694,1.436843,0.3844776,0.390397,0.27,0.441824,-27.60511,0
'HC_FREE_0140.wav',0.0,30.05241,0.1685742,29.21732,30.70865,32.53868,3.321369,322.6497,402.487,195.2036,442.9525,0.4895793,0.5433864,0.1840744,0.5204248,0.7327579,0.5486835,5.319507,2.903159,4.083631,2.694892,0.2233915,0.9622423,30.45837,0.4268295,11.9123,1.152788,14.13393,0.9352925,1.300786,10.56208,0.04058451,2.666311,0.8226135,1.304238,7.927822,0.6784716,2.48857,6.371221,24.25334,0.5722933,591.4814,0.2876193,1296.867,0.1709448,-50.35379,-1.401195,1669.133,0.1498954,976.4484,0.4505106,-60.37511,-1.075371,2743.874,0.0891795,885.4738,0.6025905,-65.97597,-0.9364974,-21.26674,-0.4152783,31.8445,0.2791596,0.01065377,3.744645,-0.02637789,-0.5683633,0.2473157,0.8682444,34.99944,0.2664956,11.85256,1.242857,14.27354,1.002964,-0.9554788,-14.64242,-14.3713,21.20432,-0.05842251,-0.006903559,0.1189427,3.415182,1.733816,0.4582734,0.3525017,0.1072581,0.1361589,-29.05443,0
'HC_FREE_0034.wav',0.0,25.08037,0.2378235,19.84504,26.09976,29.20442,9.359386,278.3695,309.3226,155.2587,207.5834,0.1647595,0.9650651,0.03101027,0.1055634,0.287506,0.2564957,2.859572,2.299992,2.175591,1.77459,0.09007899,1.404975,22.23443,0.5818707,15.98203,0.6265883,9.094287,1.092779,12.72279,0.8703867,0.06102816,1.895661,1.295615,0.8814467,4.74138,1.028947,7.14885,2.518178,30.36684,0.5436615,516.5706,0.4092471,1324.501,0.1497386,-120.8939,-0.7325996,1523.821,0.1628422,1045.988,0.2904028,-125.0089,-0.6560767,2554.644,0.1444954,1025.448,0.3637781,-128.8091,-0.6046935,-22.99602,-0.3156679,35.70723,0.2128115,-0.01428954,-2.189149,-0.0157708,-0.8321323,0.1632184,0.805316,33.71024,0.2426611,21.24867,0.4182222,9.608133,1.321511,17.63994,0.7198311,-15.35852,25.86843,-0.03197582,-0.006723424,0.03024554,1.963049,1.519405,0.2868478,0.2848719,0.3614607,0.5505657,-38.30324,0
'PD_FREE_0115.wav',0.0,31.47742,0.1310823,29.61567,32.60415,34.11431,4.498646,209.6893,310.4332,61.93922,96.70515,0.3775287,0.8419949,0.09068388,0.2599133,0.7038684,0.6131845,6.405948,3.954042,5.433597,3.269699,0.1969567,1.417912,25.29919,0.5903338,17.23659,0.5474253,11.54693,0.9698486,4.368171,2.713978,0.02764892,2.889259,0.844527,1.137434,9.426903,0.4441501,6.938502,2.107017,32.24897,0.360009,533.0344,0.3516367,1379.107,0.1628605,-91.92935,-0.9851825,1562.413,0.1832036,1118.209,0.2968371,-99.84245,-0.8095949,2644.344,0.1288732,1001.981,0.3695317,-104.661,-0.7339324,-26.04471,-0.2233985,36.63649,0.1747941,0.0226377,2.165287,-0.02790556,-0.4998429,0.2945891,0.9452593,35.81891,0.2498099,22.89579,0.3245019,11.08583,1.236715,1.098994,12.66967,-12.41569,18.50875,-0.05635771,-0.003756143,0.04966326,2.543091,0.9903792,0.5988572,0.4418388,0.4133333,0.5990177,-29.95986,1
'HC_FREE_0141.wav',0.0,26.77264,0.1785568,25.75718,27.82045,29.62879,3.871614,388.639,463.5295,118.4349,246.5815,0.4078889,0.8523763,0.1056919,0.2874657,0.6759983,0.5703064,6.824547,4.520949,5.90719,3.947819,0.2819202,1.289393,28.44654,0.6405241,12.9915,0.7926257,14.20454,0.7291197,7.326758,1.505869,0.04629424,2.525875,1.233934,0.997257,6.178905,0.8665383,5.92325,3.546395,29.83146,0.5992584,513.3959,0.3928906,1358.326,0.1674322,-85.64877,-1.029679,1514.893,0.1894268,1109.651,0.2873596,-93.91427,-0.8556678,2589.203,0.1262044,1005.046,0.363205,-99.71954,-0.7589498,-23.6992,-0.2643628,35.67783,0.1954297,-0.01297997,-3.636179,-0.02486152,-0.5794572,0.3734528,0.9794018,39.87603,0.310477,15.64854,0.7086192,15.62111,0.7635679,5.669624,2.317797,-14.53384,21.64611,-0.06517944,-0.0007865682,0.1297375,2.816901,1.684132,0.3603704,0.3609809,0.2174809,0.3348563,-29.21132,0
'HC_FREE_0145.wav',0.0,29.8673,0.1277381,28.05804,30.52605,32.53062,4.472582,384.0802,411.76,94.14134,115.0898,0.3871855,0.9385341,0.09564261,0.1969495,0.6954557,0.599813,6.290259,4.004683,5.293913,3.463179,0.1405834,1.14586,18.89594,0.7903445,8.244598,1.107941,13.64983,0.90651,5.80439,1.688064,0.0281318,2.908839,0.9535369,1.066523,7.349579,0.6017454,6.504765,2.580421,22.08923,0.6638435,458.0381,0.3489353,1198.984,0.2054627,-108.3068,-0.8762873,1478.294,0.1595286,860.4418,0.3969286,-112.9329,-0.7744967,2457.251,0.105488,810.942,0.3074255,-114.5805,-0.7475661,-15.89412,-0.3826075,23.28457,0.2797764,0.02770594,1.446979,-0.02157841,-0.6347156,0.2422009,0.6766351,31.38473,0.3272996,7.663,1.534557,14.77383,1.122751,4.670922,2.772726,-9.935796,15.59144,-0.05179735,-0.007019213,0.04261933,2.340346,1.607076,0.2955814,0.1669188,0.3066666,0.4946322,-34.18572,0
'PD_FREE_0111.wav',0.0,22.47828,0.1420866,20.49021,22.66204,24.8242,4.333998,296.6614,370.5459,92.9847,250.9718,0.2225318,0.7223979,0.09197675,0.1486269,0.358067,0.2660903,3.452488,2.053108,2.648321,1.607723,0.09200676,1.223253,18.27959,0.8401127,13.82176,0.6750265,12.66825,0.8578009,9.390835,0.7807077,0.03396393,2.439295,1.216461,0.9413494,3.867411,1.129476,4.239905,4.147377,26.28901,0.4515264,451.0459,0.2971376,1241.795,0.1577758,-107.234,-0.860287,1489.979,0.1469193,1016.176,0.3390447,-115.8072,-0.7177062,2469.295,0.106086,919.2629,0.3366915,-117.8016,-0.6876259,-21.85835,-0.236675,30.28549,0.1941437,-0.01246883,-2.449174,-0.02535571,-0.4764591,0.1525614,0.8300788,31.44823,0.3334937,19.65801,0.4192645,14.86661,0.9546804,11.17905,0.8046355,-13.25963,20.06809,-0.05795833,-0.004606595,0.03256617,2.528277,1.599467,0.3002083,0.209369,0.30375,0.6219211,-38.5403,1
'PD_FREE_0070.wav',0.0,34.24783,0.1320511,32.23838,34.57939,37.5024,5.264023,126.4861,154.2019,89.99905,86.8972,0.4053305,0.8380717,0.06651679,0.3514441,0.7357476,0.6692308,6.184564,3.557141,5.150093,2.952252,0.1413008,1.031643,26.50194,0.6017298,3.107408,3.688879,8.368164,1.449962,-5.696495,-2.541216,0.0370927,2.656721,0.8590728,1.080066,9.245475,0.4656278,5.228133,1.446247,26.8676,0.3480112,600.7007,0.2779194,1331.219,0.1779218,-93.7599,-1.002034,1619.633,0.1688527,971.8812,0.4227041,-98.16382,-0.8777309,2656.301,0.1032822,854.5499,0.4725855,-102.7454,-0.7998839,-17.41564,-0.3710346,27.04637,0.3424548,0.05389829,0.5603435,-0.03120182,-0.4287926,0.2152529,0.663904,38.09321,0.2502374,1.784769,7.487657,9.696525,1.472327,-14.18798,-0.8186359,-12.71468,19.91512,-0.04374382,-0.006059656,0.04059078,2.843803,1.319149,0.4280645,0.403696,0.33,0.6593361,-34.24297,1
'HC_FREE_0144.wav',0.0,32.6257,0.1814634,31.38554,33.2779,36.43941,5.053871,245.9733,315.8489,257.7672,515.0978,0.1613635,0.4895091,0.09346895,0.132624,0.2265219,0.133053,1.857676,1.205235,1.116526,0.749091,0.05400464,1.250505,17.3332,0.6715808,15.88573,0.5456347,13.32102,0.7138022,6.021775,1.568178,0.03615079,2.562702,0.9429356,1.071882,8.814587,0.6082873,6.529529,2.779894,24.81442,0.6899447,654.232,0.3205265,1275.422,0.1872642,-118.4118,-0.7488362,1769.112,0.1188036,955.4875,0.3499732,-122.7554,-0.6504416,2859.027,0.09631715,725.6249,0.4611474,-123.9936,-0.6327932,-23.66502,-0.2202795,32.97082,0.1565587,-0.01215774,-2.537237,-0.02220451,-0.5470384,0.07516824,1.030553,27.81948,0.2614274,21.2138,0.4097216,14.3355,0.8958697,1.661942,6.766541,-13.25314,18.97538,-0.06892729,-0.005927808,0.03513169,2.705436,1.898734,0.2381333,0.1911208,0.2816901,0.442897,-43.89079,0
'PD_FREE_0058.wav',0.0,25.53433,0.1434256,24.1617,26.42807,27.93161,3.769909,289.2798,321.6263,70.29332,91.94838,1.099129,0.7105799,0.2936636,0.9967983,1.859649,1.565985,15.95603,7.07891,15.75462,8.154199,0.7531704,0.8494817,33.43812,0.3866154,5.888389,1.576773,14.68362,0.8232809,-2.975774,-4.49858,0.0267617,2.527999,1.117261,1.043178,4.926778,0.9439055,5.302897,3.018242,28.17386,0.360045,464.744,0.3441667,1251.38,0.1677689,-43.64331,-1.64901,1433.413,0.1481005,970.7241,0.2514497,-53.3158,-1.253356,2514.216,0.09849517,876.3253,0.3369091,-62.18066,-1.003515,-17.49669,-0.3445205,29.21832,0.2210255,0.01616611,2.263681,-0.02531593,-0.5533765,0.8887857,0.7099983,37.56911,0.2630784,6.088792,1.548514,14.40586,0.8895395,-5.00297,-2.716822,-10.89598,19.53424,-0.02581288,-0.006626762,0.1804925,4.201681,2.04696,0.3876471,0.4830178,0.08242424,0.09924046,-21.48462,1
'PD_FREE_0113.wav',0.0,28.40569,0.1592751,27.33776,29.30324,30.94217,3.604401,297.673,412.9685,183.1204,366.409,0.1305071,0.4886329,0.09552494,0.09897659,0.1643048,0.06877982,1.145288,0.9355344,0.8909838,0.7147484,0.0260727,0.9493402,14.89707,0.6372498,13.2638,0.5255151,13.96996,0.4705167,7.642376,0.6918461,0.03422751,2.803442,0.9596609,0.9533307,7.10771,0.5976735,5.136516,4.113698,23.30018,0.7392945,598.136,0.3192603,1395.597,0.1540494,-147.001,-0.556415,1703.497,0.1396071,1072.74,0.4003963,-150.3125,-0.5020823,2736.479,0.1019124,906.1175,0.4888569,-150.992,-0.4922326,-22.13954,-0.2386392,30.23135,0.184276,-0.009301468,-3.062757,-0.02524969,-0.4224251,0.04736563,0.6301712,27.60969,0.2757366,20.67015,0.3926627,15.48514,0.6471323,6.255462,1.242936,-11.79192,17.59128,-0.04577671,-0.006362421,0.01700179,1.33836,1.150943,0.2498361,0.2290142,0.5698437,0.7425137,-47.88251,1
'PD_FREE_0042.wav',0.0,32.02514,0.1396827,30.61999,32.38583,34.6422,4.022209,322.1992,485.5468,97.98789,143.0621,0.321883,0.8833138,0.05706915,0.2484292,0.5469078,0.4898386,6.032998,4.105261,4.24146,3.314437,0.1109796,1.142511,27.37642,0.6420975,7.673473,1.538479,9.219829,1.355817,3.926957,3.028878,0.02458703,2.648504,0.8010578,1.10448,9.020347,0.4864696,2.46275,4.903498,28.04261,0.4486968,625.8223,0.2590622,1374.33,0.1664622,-98.4138,-0.9299803,1629.527,0.1421862,1013.788,0.3829791,-103.6274,-0.8204696,2743.805,0.08670317,862.6727,0.4919297,-109.3734,-0.7301391,-19.57001,-0.4110723,31.88855,0.3118492,0.03048013,1.182309,-0.02748954,-0.5955819,0.1680261,0.8144701,40.3298,0.269083,7.22506,1.979469,8.460553,1.877747,-0.875113,-14.56186,-13.27627,20.10442,-0.05035081,-0.006517518,0.03965672,2.195275,1.40226,0.3877612,0.3609681,0.3141539,0.5509262,-35.45242,1
'PD_FREE_0043.wav',0.0,34.94727,0.1237411,34.26865,35.46476,36.7466,2.477947,356.8611,590.3988,350.7455,526.6222,0.299175,0.748754,0.07411702,0.2518869,0.4934099,0.4192929,5.382142,2.920558,4.553932,2.822574,0.1116955,0.89795,24.14026,0.5300031,7.815708,1.490447,5.15879,2.843497,-7.558763,-2.193904,0.03065889,2.926198,0.9493039,0.9546649,8.860385,0.497225,2.209479,6.276689,24.03479,0.589289,602.8173,0.2668945,1325.996,0.1814686,-83.39198,-1.107335,1616.233,0.162587,1069.156,0.4588296,-89.0499,-0.9451354,2671.291,0.1318621,888.8639,0.6338236,-93.40025,-0.8637204,-16.57758,-0.3788837,27.19533,0.3045465,0.03575634,0.995363,-0.03057478,-0.3800906,0.1406789,0.6900483,30.6279,0.3412327,7.057405,1.939238,1.941509,8.827147,-15.41502,-0.9464711,-14.9243,22.21649,-0.04508051,-0.0143966,0.06413594,3.963012,1.790451,0.3385185,0.3212442,0.1848276,0.3318145,-39.57968,1
'PD_FREE_0041.wav',0.0,27.87055,0.2161994,23.76118,29.06109,32.01826,8.257076,279.5219,386.3778,143.8055,143.7194,0.3143095,1.417189,0.05601515,0.06859058,0.5370115,0.4809964,9.052361,7.383347,8.07575,6.518843,0.2111702,1.619659,21.20269,0.7013711,11.88222,0.6967374,12.37812,0.7862466,9.000903,1.267012,0.05325655,1.954841,1.259696,0.8466042,5.294162,1.009725,4.364223,4.173459,30.06104,0.6026949,486.2385,0.3052188,1319.079,0.1515489,-129.8647,-0.7034454,1526.489,0.1629369,1016.829,0.3190455,-135.4084,-0.6094968,2542.493,0.1232993,947.345,0.3714246,-137.9697,-0.5741279,-23.54758,-0.260339,33.24451,0.2078262,0.01959361,1.853636,-0.0323423,-0.4204506,0.5014974,0.8214726,37.14344,0.3197402,18.37462,0.5070397,13.85024,1.030759,3.124584,4.864644,-16.82105,23.32665,-0.06518587,-0.005756296,0.03430833,1.075878,0.9356393,0.3972727,0.4194894,0.7653571,1.18028,-28.64417,1
'PD_FREE_0109.wav',0.0,22.30251,0.2776008,15.28125,24.68242,27.97114,12.68989,277.9136,339.7793,117.714,91.01125,0.1794981,0.7293625,0.09568053,0.1072282,0.2693674,0.1736869,2.65725,1.771711,2.209343,1.645312,0.07468902,1.076717,17.02215,0.7789595,8.551401,1.052077,7.342598,1.140069,9.269887,0.7669454,0.08826393,1.445679,1.572925,0.7265956,1.935216,2.626082,8.814242,4.098577,24.15296,0.9228076,549.2476,0.2879933,1327.121,0.1632532,-126.6077,-0.7197937,1576.175,0.1396875,1030.506,0.3453719,-131.2197,-0.6466518,2655.231,0.1138977,989.0589,0.6034557,-133.7784,-0.6104614,-20.21873,-0.2417675,29.46173,0.1936717,-0.002071382,-15.79311,-0.0259097,-0.4257646,0.1350625,0.5642045,31.29299,0.2847983,16.13827,0.5558116,11.02349,1.011093,6.509395,1.334087,-12.87543,18.28584,-0.06225028,-0.005807043,0.0360905,1.586043,1.191106,0.3182222,0.3438171,0.5463415,0.6618811,-42.39412,1
'PD_FREE_0108.wav',0.0,22.18116,0.1536922,19.61815,22.62735,25.02672,5.408573,255.2224,274.4696,74.7523,104.379,0.2476647,0.6129712,0.1047217,0.2032918,0.3771296,0.2724079,3.548703,2.153901,3.010222,2.035999,0.1064929,0.8993192,25.84493,0.5570305,13.76458,0.5760422,12.31742,0.7901356,12.66428,0.7412429,0.03911336,2.136868,1.26345,0.9024377,3.95746,1.086174,6.214061,3.025665,26.3774,0.4860528,521.6644,0.3720804,1293.014,0.1608704,-72.37675,-1.151826,1503.174,0.1702704,1006.267,0.2762529,-81.16953,-0.949924,2507.883,0.1321035,881.3219,0.4100324,-85.97268,-0.8583704,-21.50185,-0.2057216,30.71429,0.1678786,-0.0142026,-2.232823,-0.01895115,-0.6166444,0.1314938,0.6937719,33.52318,0.3005391,16.72725,0.401141,13.94513,0.7610198,13.18134,0.7966356,-13.0476,18.87088,-0.05578316,-0.004375082,0.05077879,3.546512,1.83513,0.3665079,0.3342186,0.1661667,0.2783887,-37.95238,1
'PD_FREE_0040.wav',0.0,33.83651,0.1641431,31.31966,33.55334,37.49974,6.180075,232.0062,302.567,394.4238,714.5096,0.2936258,1.015615,0.0594759,0.1603077,0.5114325,0.4519566,5.292013,3.851662,3.817941,2.649896,0.1208529,1.219536,24.86134,0.5891411,8.266696,1.312039,8.542354,1.583485,1.515119,8.123425,0.03235075,2.36491,0.8391461,1.068581,9.199689,0.5198745,7.576505,2.087658,27.85339,0.5436704,656.3212,0.2310008,1310.343,0.1793634,-108.7549,-0.8498751,1727.564,0.1684287,954.3813,0.4558578,-114.0738,-0.738485,2713.847,0.08268009,813.6427,0.3864952,-116.0984,-0.7078441,-21.72881,-0.3526188,29.58982,0.3032658,0.04567437,0.8184869,-0.03394371,-0.3847799,0.2099126,0.7522044,37.03766,0.2656543,10.48797,1.325225,8.452415,2.146518,-5.726845,-1.970894,-14.34863,20.59727,-0.0464295,-0.007841887,0.03056362,2.043796,1.363636,0.3592857,0.3365256,0.3802564,0.7112123,-34.43069,1
'PD_FREE_0078.wav',0.0,21.80703,0.1105492,20.26837,21.80055,23.40876,3.140388,260.2733,234.3141,59.29706,87.43899,0.1798051,0.5648331,0.07865204,0.161508,0.2652207,0.1865687,1.751006,1.079107,1.246762,0.8769243,0.0462799,0.6053213,28.99499,0.4668318,8.937037,0.9169827,13.80799,0.677607,13.2857,0.5150192,0.03061376,2.650158,0.8652453,0.9297357,4.5429,0.6092451,4.957963,2.759667,26.5639,0.2583648,448.0247,0.3016734,1271.422,0.1529132,-64.29919,-1.282602,1447.463,0.1335565,962.3638,0.2731665,-72.54168,-1.066173,2431.134,0.09445029,897.1353,0.350096,-77.31544,-0.9600983,-19.19629,-0.2394319,28.21021,0.1804862,-0.004826211,-4.792998,-0.01944876,-0.5231665,0.05603673,0.4520353,36.08493,0.2143008,11.05709,0.7184016,15.17612,0.6629229,13.60939,0.5517437,-12.75363,19.91555,-0.0526198,-0.001474131,0.02098715,2.308857,1.289344,0.5508823,0.4369706,0.1974286,0.2111647,-44.41459,1
'PD_FREE_0044.wav',0.0,22.43923,0.1277802,20.59831,22.89904,24.27614,3.677824,169.9296,221.4968,109.7442,209.3787,0.5402918,0.8658403,0.09898423,0.4460764,0.8961355,0.7971513,11.15324,6.495226,8.961964,6.801132,0.2847359,0.9457271,29.85025,0.5626039,7.81737,1.301231,13.91389,0.9460165,5.328591,2.120819,0.03849611,2.350861,1.532257,0.8725248,3.036611,1.481936,3.008099,4.486011,25.30408,0.3389056,457.4094,0.2629857,1240.613,0.1597808,-69.53051,-1.266912,1475.334,0.1415423,1014.132,0.354166,-79.94366,-1.00684,2412.095,0.1113933,963.5782,0.3434192,-83.65842,-0.9305739,-18.56126,-0.3549829,26.48183,0.2495774,0.01363987,2.141618,-0.02809761,-0.4472839,0.3807592,0.7013687,38.50732,0.2588871,7.739144,1.466422,15.91506,0.9006118,3.603139,3.473732,-12.16936,19.16578,-0.03483436,-0.01158571,0.08739762,3.267606,1.920904,0.3405882,0.3489896,0.1477778,0.1969787,-29.84477,1
'PD_FREE_0079.wav',0.0,33.73127,0.1426974,32.26287,34.67072,36.96511,4.702236,361.0859,580.1209,60.54866,70.54885,0.2848023,0.9038442,0.06158182,0.2011344,0.4866138,0.4250319,3.510226,2.891749,2.884933,1.983,0.09827156,1.298794,26.38472,0.5333971,9.052386,0.9020215,8.330403,1.168597,6.743444,1.522321,0.02738688,2.296304,0.7721268,0.9060612,9.798001,0.4373005,8.49064,2.10111,29.92903,0.5325912,638.9527,0.2949668,1409.301,0.1541219,-100.8076,-0.9103166,1667.008,0.1407536,1115.263,0.2755148,-105.1308,-0.785771,2705.365,0.0908222,937.3511,0.3754686,-108.9286,-0.7277307,-23.44752,-0.2291259,33.85591,0.1777559,0.03791522,0.8819139,-0.02570714,-0.4189542,0.1526129,0.9179562,37.22157,0.2002438,11.94287,0.7574504,7.03532,1.67199,4.081686,2.970341,-15.00984,21.61991,-0.0547057,-0.006443425,0.02792896,1.689861,0.9956854,0.5563334,0.4981933,0.4389655,0.7983835,-34.47916,1
'PD_FREE_0047.wav',0.0,26.91777,0.1875737,25.0178,28.73478,30.23491,5.21711,176.5024,129.8984,84.4864,107.06,0.3601853,1.093608,0.06882402,0.1511919,0.6837482,0.6149242,7.658068,4.491188,6.798187,5.716251,0.1481117,1.300059,22.96661,0.6381372,4.422203,2.364394,13.55613,0.8384217,7.338931,1.609872,0.03236639,2.29046,1.042598,0.8469891,5.161241,1.089488,1.420366,13.26989,18.07865,0.8057089,490.067,0.3472429,1219.083,0.1817349,-116.2017,-0.8051292,1500.656,0.1912735,930.4282,0.3852896,-121.2364,-0.71868,2444.659,0.1221943,855.165,0.3251099,-122.6445,-0.6972308,-16.18081,-0.428768,22.87877,0.3355645,0.025394,1.282808,-0.02681554,-0.6390067,0.2815442,0.7678018,36.75832,0.2729726,3.036925,4.690853,16.69064,0.854987,2.02839,7.046048,-13.39453,19.60149,-0.05710233,-0.006240851,0.04296302,1.667313,1.476301,0.2910526,0.3307551,0.3968571,0.6868885,-33.32579,1
'PD_FREE_0046.wav',0.0,33.60968,0.1942625,30.93742,34.86636,38.336,7.398586,167.4315,165.2359,89.07937,112.1866,0.4301141,1.194635,0.07118493,0.1902136,0.7307984,0.6596135,7.966926,5.508945,6.366157,4.762707,0.1788917,1.528178,24.7036,0.5387181,6.349226,1.64214,9.003733,1.280318,0.7919244,14.10235,0.04753871,2.333212,0.8602286,1.094396,8.757403,0.6255952,10.63938,1.381111,25.9934,0.4332233,572.7193,0.2663133,1318.61,0.1562108,-106.4292,-0.8980969,1646.413,0.1497036,891.6843,0.4052145,-109.2477,-0.8012833,2668.617,0.07897758,828.9999,0.4510957,-111.4761,-0.7650837,-19.5076,-0.3143873,26.82196,0.281283,0.06299464,0.6316864,-0.03145817,-0.378753,0.3230523,0.972966,35.48366,0.2632222,4.64731,2.935744,10.35542,1.47856,-5.405458,-2.116844,-13.0577,19.17328,-0.03310028,-0.009738053,0.02605236,1.807996,1.045918,0.482439,0.3848584,0.4748718,0.7818317,-29.26584,1
'PD_FREE_0035.wav',0.0,29.7468,0.1073124,27.77266,29.80128,31.77073,3.998064,301.295,414.4715,56.64663,62.52011,0.3312862,0.7176917,0.06316032,0.3285381,0.5596843,0.496524,4.612876,2.268179,4.139719,2.136122,0.1698596,0.927651,29.70728,0.4910001,13.09733,0.7833237,17.07225,0.8203931,10.98578,0.9506454,0.02284654,2.710292,0.9286574,1.032521,8.337177,0.4567338,6.231015,2.478924,25.76211,0.4923256,482.8739,0.3420821,1318.761,0.1533897,-88.35532,-0.9935616,1528.35,0.1844075,935.8682,0.3477233,-94.14592,-0.8469515,2544.797,0.1285924,875.5927,0.4123138,-98.06636,-0.7823191,-22.67385,-0.3100753,32.07758,0.2119848,0.001251572,24.75824,-0.01990473,-0.6639979,0.2341756,0.6515722,38.01197,0.2580369,14.32194,0.7429518,19.8127,0.7913855,11.35883,1.024491,-18.49191,28.01693,-0.04708992,-0.004899031,0.06093468,3.537088,1.445286,0.4254762,0.2902396,0.2778378,0.4388753,-32.46132,1
'HC_FREE_0129.wav',0.0,29.11273,0.2470101,20.0753,32.15118,34.67148,14.59618,366.983,470.7022,113.9716,110.9464,0.4878496,0.5707045,0.2319266,0.4352918,0.7189164,0.4869898,5.988386,3.140056,5.014465,3.168361,0.3525769,1.343235,27.29947,0.5100481,18.62125,0.5788569,12.08924,1.040969,1.69228,6.840022,0.04371723,2.249946,1.114845,1.012117,6.636021,0.9784584,6.579357,3.538714,30.40368,0.6922157,622.2269,0.2740529,1319.633,0.1703495,-63.02701,-1.260257,1717.031,0.1476808,990.8524,0.4086071,-74.62287,-0.9569603,2794.48,0.08092835,871.0979,0.4048298,-79.343,-0.8634745,-24.28193,-0.2225505,34.31187,0.180888,-0.005497246,-7.953475,-0.03000279,-0.4027011,0.3829468,1.244272,33.48672,0.2871953,21.16104,0.4415278,11.3983,1.232183,-1.054114,-11.04068,-13.84962,20.85319,-0.06555067,-0.009565476,0.2662046,4.099947,1.954914,0.3690991,0.3356144,0.1218182,0.1507748,-29.24772,0
'HC_FREE_0049.wav',0.0,34.73353,0.1231394,32.12497,34.39824,38.04134,5.91637,235.2568,295.1736,177.074,504.7359,0.2615627,1.12661,0.06399909,0.09883589,0.4438953,0.3798962,6.493276,4.42757,4.70609,3.474303,0.1100293,1.363156,22.99074,0.5385852,6.657395,1.598179,9.678316,1.181828,-0.02161685,-569.3525,0.03185503,2.316577,1.04669,1.005372,8.904824,0.4532323,7.391875,1.704446,25.48277,0.4394282,567.2804,0.3176912,1303.012,0.1584313,-131.2666,-0.6806967,1621.806,0.1677699,948.5517,0.4219513,-128.551,-0.6588762,2680.933,0.1188459,953.9968,0.5607443,-131.3649,-0.6186345,-18.06395,-0.409067,28.20085,0.2958612,0.03312577,1.053392,-0.02613082,-0.5101704,0.2246949,0.7735164,34.42696,0.2840697,4.171032,3.616558,12.02026,1.348034,-9.459749,-1.413223,-14.62039,21.29242,-0.03864898,-0.01115923,0.02995783,1.835229,1.297923,0.3072308,0.2547186,0.4566667,0.6990764,-36.66562,0
'HC_FREE_0075.wav',0.0,31.9522,0.1363694,29.26815,32.22394,35.08604,5.81789,306.5951,444.9762,76.99837,122.9134,0.4507729,0.9787364,0.07944122,0.3114825,0.7420707,0.6626295,10.48496,6.080259,8.879882,6.191441,0.1905766,1.147454,25.08179,0.6599196,3.393701,4.333957,19.36835,0.8259462,-3.241944,-4.57341,0.02572512,2.780323,0.9901645,0.9909397,8.637912,0.4636736,5.486322,2.42843,22.76963,0.5656484,526.3552,0.3175198,1293.664,0.1800061,-94.28045,-0.9683945,1612.785,0.1679039,987.4235,0.509994,-99.40413,-0.8444774,2588.787,0.1094032,1036.776,0.5293159,-101.7432,-0.8040819,-17.00646,-0.4180359,26.29609,0.2964239,0.02851881,1.289408,-0.02384397,-0.5898783,0.2793466,0.8285019,36.36834,0.2952537,1.047854,16.30325,22.51931,0.8350011,-9.491744,-1.593527,-12.4542,18.76309,-0.04961469,-0.007760648,0.06805455,2.960152,1.785375,0.3141489,0.2585122,0.2226316,0.332598,-32.29348,0
'HC_FREE_0061.wav',0.0,29.33728,0.1901816,27.43262,30.13608,32.51017,5.077541,326.6942,461.3361,267.8978,638.6912,0.4148847,0.8511094,0.09091236,0.3338794,0.693013,0.6021007,7.894482,5.164398,6.556805,4.644845,0.2207504,1.067588,29.98478,0.5672478,8.822538,1.185302,11.03227,1.095648,2.32822,4.928912,0.04807978,2.406247,1.099603,1.023579,6.224849,0.8514928,1.201437,16.57238,28.36885,0.6856633,591.8544,0.2295382,1334.561,0.1527369,-81.10748,-1.102989,1638.343,0.1434498,974.756,0.3903505,-89.73961,-0.9095396,2680.579,0.1009596,845.2731,0.4265642,-95.15239,-0.8142404,-21.17729,-0.2835286,30.80699,0.241677,0.03525981,1.107376,-0.03330949,-0.3653207,0.307413,0.7795839,40.64737,0.248279,10.16038,1.142432,10.43428,1.356933,-0.728913,-15.52166,-13.43133,20.3288,-0.05332143,-0.00821845,0.07146659,2.952503,1.773779,0.3475362,0.292334,0.2159677,0.3876249,-31.60507,0
'HC_FREE_0060.wav',0.0,19.38064,0.1449038,17.25064,19.0671,21.61691,4.36627,183.0358,223.36,94.8597,175.1141,0.2264701,0.8369051,0.06499805,0.1692482,0.3640172,0.2990192,4.311816,2.63556,3.53212,2.659028,0.1139074,0.9843971,26.91755,0.5435535,8.405949,1.129039,14.52038,0.8956864,5.151821,2.510038,0.04195648,1.477792,1.609253,0.8043932,1.352413,3.024644,2.638093,6.825692,24.81714,0.5328742,474.7567,0.3146946,1241.194,0.1792115,-92.87836,-0.9931244,1454.247,0.1773385,968.9259,0.3358967,-101.2181,-0.8380176,2486.478,0.1074617,803.5775,0.3397619,-104.7301,-0.7803415,-19.88591,-0.3291146,28.127,0.2208791,-0.00630702,-4.802365,-0.02541157,-0.6674651,0.1676003,0.6815718,37.22538,0.2511005,10.27426,1.056024,18.49543,0.8097208,0.7760648,18.18382,-14.77231,21.92521,-0.06017483,-0.004533459,0.04467351,2.643536,1.695266,0.3235366,0.3046444,0.2611688,0.3885536,-38.94612,0
'HC_FREE_0074.wav',0.0,25.61289,0.1251681,23.37547,25.81168,28.1501,4.774635,336.1685,380.9624,123.8692,277.054,0.4224624,0.7769024,0.09125135,0.3590661,0.6924017,0.6011503,6.871609,3.686497,5.303793,3.566744,0.1728292,1.013939,28.80768,0.584119,7.618054,1.330458,17.45798,0.805793,-0.6890086,-20.20101,0.03117044,2.878913,0.9528952,1.095611,5.883122,0.646315,4.195521,2.650604,28.32302,0.3381898,437.6326,0.2748428,1188.048,0.170495,-69.87143,-1.266221,1452.789,0.151742,880.8868,0.3697316,-79.74863,-1.020389,2504.737,0.0965225,871.5721,0.5008155,-85.5649,-0.9007086,-19.25315,-0.3507135,29.14369,0.2073901,0.02051103,1.587106,-0.02580158,-0.5081137,0.2326563,0.7737871,38.50686,0.2410117,8.318666,1.332147,20.36865,0.7570744,-4.349482,-3.370913,-12.04774,19.20731,-0.04885988,-0.007092663,0.04701457,2.843137,1.398773,0.475614,0.3805076,0.2269091,0.3020769,-32.74483,0
'HC_FREE_0048.wav',0.0,25.68834,0.1715766,23.86055,25.63165,28.40818,4.547638,272.2543,328.1771,112.6896,174.6018,0.2563159,0.8664132,0.07143108,0.1796281,0.4162548,0.3448237,4.720623,3.058314,3.947003,2.734964,0.0959204,1.094049,27.79605,0.4667984,7.916314,1.24807,15.73112,0.7660973,5.928712,1.585624,0.04452643,2.466322,1.145323,0.9526403,5.195632,0.8307411,6.429143,3.3403,26.24497,0.512578,479.4818,0.2808655,1268.99,0.1521412,-91.71586,-0.9999908,1529.259,0.146804,951.2515,0.3840112,-99.74623,-0.8444593,2591.339,0.0966894,957.0731,0.4878196,-103.2664,-0.7855229,-18.89785,-0.3529548,27.80834,0.2584659,0.01068671,2.763032,-0.02425697,-0.5007472,0.1391809,0.7677217,36.50866,0.2521046,7.95448,1.518105,19.68146,0.6860221,5.007209,2.203989,-14.17124,20.83263,-0.03460464,-0.009193915,0.03810688,3.161535,1.895188,0.2916522,0.2221943,0.2182301,0.3899858,-38.82197,0
'HC_FREE_0128.wav',0.0,23.76366,0.1533692,22.01299,24.27915,26.21299,4.200003,268.2254,330.4222,98.3812,141.5866,0.381797,0.6819118,0.1360292,0.318069,0.5963916,0.4603624,5.029964,3.232751,4.529894,3.233582,0.139747,1.322636,21.46218,0.6640977,11.93686,0.7419756,15.23574,0.8373961,5.189209,2.011934,0.02794549,2.403069,0.8899739,1.06809,4.53758,1.03685,9.141162,1.604973,26.38645,0.3899751,484.8781,0.375767,1212.936,0.1908113,-85.77091,-1.067619,1555.25,0.1858074,850.4603,0.4039191,-93.51904,-0.9065471,2556.369,0.1080702,861.687,0.4213508,-95.78987,-0.8631418,-17.95881,-0.3308869,26.09787,0.2321818,-0.0005142696,-60.51592,-0.02523593,-0.5639218,0.1885233,0.7715223,30.9488,0.2934391,13.69401,0.7475212,16.33493,0.9660921,2.389519,5.107163,-11.31473,17.23529,-0.06561788,-0.006413157,0.06619722,2.367388,1.533393,0.3831405,0.3888211,0.259913,0.4663746,-34.81748,0
'HC_FREE_0116.wav',0.0,31.13787,0.2016079,28.88542,31.75052,35.06892,6.183498,223.0467,218.1961,163.883,240.0782,0.2175462,0.6916529,0.09549809,0.1482309,0.3421633,0.2466652,3.278709,1.975525,3.099438,2.154679,0.09015133,0.9487107,21.81814,0.5624159,12.04745,0.8269675,16.53867,0.5726012,5.189779,1.825339,0.03314434,2.597473,0.9360409,1.014787,7.255941,0.7652014,6.857345,2.8255,24.45475,0.6897001,631.4296,0.2647982,1300.929,0.1773647,-106.8235,-0.8342496,1722.135,0.111818,907.6781,0.454525,-111.7842,-0.7357628,2794.153,0.06169245,691.2162,0.4450322,-114.1186,-0.6996592,-21.65675,-0.3056561,29.94955,0.239737,-0.009285065,-3.438817,-0.02525183,-0.5398472,0.1334362,0.6385299,31.31439,0.2954305,14.21845,0.8997002,17.13266,0.721264,1.153315,9.726085,-14.74414,19.76354,-0.05869268,-0.004153107,0.04384285,3.291253,1.943064,0.2595349,0.2117145,0.2582051,0.3750068,-39.79679,0
'HC_FREE_0062.wav',0.0,30.88714,0.1225861,28.91282,31.0182,33.08998,4.177166,419.347,481.8961,125.0232,166.8393,0.2332722,0.9389628,0.05807929,0.1196667,0.3958367,0.3377574,5.490028,3.860518,4.564021,3.515762,0.08840768,1.214924,23.69499,0.6661598,7.145071,1.509284,11.18239,1.005926,3.591526,3.634738,0.03042692,2.728959,1.007873,1.020262,7.859623,0.517608,3.077234,4.559241,27.75699,0.5469975,550.228,0.2834431,1304.179,0.1359348,-116.5222,-0.7941174,1586.741,0.1545145,994.5546,0.3636282,-121.771,-0.7005482,2624.566,0.1066081,938.1487,0.3656757,-125.8371,-0.6415779,-19.67632,-0.344264,30.58268,0.228213,0.02558402,1.289959,-0.0287482,-0.5164943,0.1527981,0.8049073,38.73807,0.2565088,8.378427,1.638762,13.33047,1.12802,-5.344046,-2.445007,-14.31836,20.72403,-0.0627085,-0.007677104,0.03567507,2.59009,1.495485,0.2922642,0.2729893,0.3772,0.6314778,-39.04027,0
'HC_FREE_0076.wav',0.0,24.83503,0.1539383,22.59663,25.24921,27.8441,5.247475,266.4639,251.2174,64.11709,57.5444,0.3661027,0.7968339,0.08273158,0.314572,0.5894427,0.5067111,5.093669,2.71538,4.841654,3.225255,0.2138221,1.056465,28.41228,0.5489023,18.37587,0.6206653,17.66809,0.5464831,2.836801,4.984126,0.04048422,2.48208,1.151111,0.9307677,5.351293,0.8458315,4.600086,3.395388,34.80996,0.3597851,497.885,0.3186757,1295.898,0.1807445,-77.59358,-1.140614,1513.679,0.1911664,1070.561,0.3159038,-90.96436,-0.8570077,2578.926,0.1446228,909.6442,0.4163723,-95.15286,-0.7864946,-26.52426,-0.2587484,34.69327,0.2147011,0.01485149,2.61439,-0.03114465,-0.4527233,0.3022116,0.7562824,37.43331,0.2791454,24.36653,0.3564014,20.05704,0.5060768,-0.3081176,-51.08457,-13.01069,19.72572,-0.03806549,-0.008061116,0.0490008,2.707715,1.598513,0.3983721,0.2522728,0.2269231,0.3284475,-30.32459,0
'HC_FREE_0063.wav',0.0,34.08442,0.1400423,33.02659,34.93474,36.69833,3.671741,592.3641,791.9373,142.1527,306.558,0.367448,0.9244485,0.06941322,0.2746366,0.6272583,0.5578451,7.29171,4.269969,5.84145,4.175618,0.1730827,1.151356,26.06775,0.5507808,5.591879,2.289818,12.81152,1.07634,-5.241188,-3.178024,0.03154707,2.091068,0.9622855,0.968534,8.486554,0.560269,7.141991,2.260679,25.86456,0.611986,583.9859,0.2852171,1293.132,0.1741806,-99.00029,-0.9317322,1666.354,0.1640126,949.7668,0.4378169,-102.7573,-0.8170345,2706.081,0.1095784,895.4547,0.485435,-105.8157,-0.7667108,-19.14172,-0.4088135,29.07615,0.304145,0.04217732,0.9522901,-0.027713,-0.499477,0.2670326,0.7906904,35.912,0.2771507,3.976751,3.959305,15.19973,1.117227,-13.83273,-1.17426,-14.66911,21.30948,-0.04935848,-0.01117358,0.05135888,2.782324,1.658816,0.3293827,0.2721354,0.2581013,0.4140815,-33.8465,0
'PD_FREE_0023.wav',0.0,23.60291,0.2232054,17.92673,26.03416,27.84486,9.918125,179.9614,131.525,104.464,83.49436,0.2663633,0.8462414,0.05234677,0.2108333,0.462814,0.4104672,4.832448,3.23819,4.012022,2.671529,0.1539702,0.9524791,31.71746,0.4232338,13.01049,0.8874128,5.411951,2.480642,9.611566,1.345805,0.09837825,1.601081,1.728516,0.6427249,2.657341,1.791693,5.853889,2.852027,29.32816,0.3097084,483.523,0.3500595,1313.053,0.1766968,-72.51123,-1.203135,1463.22,0.1620083,1023.583,0.2623354,-80.46155,-1.010789,2489.03,0.1351027,1035.349,0.346543,-88.26957,-0.8604896,-19.17924,-0.3940638,33.4052,0.2315535,0.006593424,5.940861,-0.01743607,-0.8193324,0.2125886,0.6511532,38.7466,0.2453124,14.3785,0.83403,6.497123,2.277884,9.699616,1.487248,-15.66852,28.41324,-0.03604973,-0.00157988,0.03196078,3.179916,1.428571,0.4647059,0.3563561,0.2373333,0.2449889,-37.33505,1
'PD_FREE_0037.wav',0.0,27.14541,0.236988,20.69764,28.47022,33.52742,12.82978,270.6061,326.4621,126.7802,254.0131,0.2643786,0.8893742,0.0591764,0.1738354,0.4830109,0.4238345,3.834563,2.285108,3.13951,1.811089,0.1055004,1.13011,21.73708,0.6917319,8.043634,1.168639,15.86393,0.8052126,3.358628,3.675237,0.06775384,1.716427,1.074709,0.8158837,5.717324,0.6694234,8.888809,1.648095,27.62305,0.3909197,526.1899,0.2805884,1291.207,0.1559593,-99.10047,-0.987324,1630.943,0.1250906,1003.7,0.5122184,-107.3049,-0.8276146,2664.614,0.1237497,1006.544,0.6118013,-109.5605,-0.7906644,-20.18458,-0.2668783,29.32253,0.24245,0.03839508,0.897305,-0.03260069,-0.3372309,0.1785784,0.6871586,34.17014,0.2715376,11.75237,0.867054,21.67127,0.6641505,-1.840199,-7.627471,-12.77783,19.29246,-0.05328507,-0.006465167,0.02628122,2.12156,1.177146,0.4319512,0.3445338,0.3878571,0.5448309,-36.8479,1
'HC_FREE_0073.wav',0.0,26.22992,0.1695356,23.51537,26.29828,30.05898,6.543608,364.1022,497.0794,58.65326,49.89027,0.5155191,1.074999,0.07501271,0.3201686,0.8967317,0.8217191,10.6023,8.21518,8.655589,6.37489,0.2666595,1.294149,27.56252,0.5537868,4.294089,2.727751,17.48744,0.8198807,1.708544,8.271126,0.03442521,1.908463,1.127206,0.8447413,4.657532,0.9991302,1.708372,7.451365,20.26267,0.3918868,502.6573,0.3620393,1253.213,0.1799128,-80.53877,-1.147152,1548.361,0.1726412,947.7265,0.3438615,-88.71437,-0.9536432,2484.744,0.1253075,855.0008,0.3477024,-89.33127,-0.9406002,-17.087,-0.360575,22.50599,0.2851709,0.03141807,1.236849,-0.03084106,-0.4206477,0.4013334,0.9324121,37.02829,0.2571714,2.06025,6.669818,22.16351,0.7030616,-0.928075,-17.56984,-14.1145,20.89125,-0.03991554,-0.01235994,0.04551183,2.654233,1.440922,0.422,0.3310227,0.2357143,0.4168313,-29.61119,0
'HC_FREE_0072.wav',0.0,30.43185,0.1844713,27.77068,29.97117,34.3069,6.536221,144.2293,166.3703,153.6457,238.2028,0.5028431,0.8335495,0.162279,0.3904046,0.7531313,0.5908523,8.772313,5.772343,7.022792,5.943896,0.2521472,1.180524,26.1685,0.486082,10.95142,1.179627,12.32957,1.258407,-3.296007,-3.424199,0.03940911,2.356585,0.9527242,1.054229,6.801556,0.7254521,7.942918,2.025944,27.55857,0.5096131,508.8648,0.3146411,1291.526,0.1604078,-65.49867,-1.304542,1591.532,0.1913256,1007.319,0.4599111,-75.02071,-1.015338,2566.262,0.1086555,909.1493,0.510876,-77.2493,-0.9664764,-19.83578,-0.344989,27.36065,0.2675626,0.04593525,0.7475218,-0.02948727,-0.4227562,0.3255884,0.9774376,32.30969,0.2735461,12.68648,1.128188,14.19716,1.231329,-5.086845,-2.324124,-9.041789,16.49021,-0.009902813,-0.01030314,0.06920343,2.640157,1.665578,0.4178431,0.3275956,0.155,0.1800587,-31.0786,0
'HC_FREE_0112.wav',0.0,27.5588,0.2055711,25.80876,28.83945,31.13077,5.322014,203.4273,234.8674,204.0565,481.1809,0.208015,0.5936984,0.09266541,0.1714553,0.30227,0.2096046,2.539762,1.608601,2.168522,1.671091,0.06717624,1.196858,20.70053,0.6145971,11.80569,0.720636,13.30252,0.9419942,3.342659,2.735154,0.05305558,2.296821,1.024132,0.8758032,4.895911,1.033166,7.048416,2.848383,26.06263,0.6041732,497.9817,0.3060881,1273.857,0.1434384,-80.73059,-1.138293,1595.251,0.1294627,963.6595,0.457215,-90.48842,-0.9226464,2649.57,0.08523247,912.4793,0.5746217,-93.10812,-0.8725549,-18.19809,-0.2880549,26.08607,0.2151202,0.007547894,3.902763,-0.02226097,-0.5365528,0.08576806,1.099667,29.01348,0.2584121,13.23349,0.7384037,13.70561,1.120312,1.210227,8.694155,-13.61033,19.5231,-0.05526384,-0.007958623,0.03730508,3.316456,1.926489,0.3114474,0.3250049,0.210597,0.3394371,-43.43133,0
'HC_FREE_0138.wav',0.0,23.69692,0.14188,21.49456,23.68345,26.241,4.746445,170.9077,174.9599,136.2068,275.5475,0.1766507,0.4047516,0.1082971,0.1638478,0.2334162,0.1251191,1.695212,1.062277,1.505154,1.082757,0.08989307,1.343559,19.33471,0.5519458,18.8545,0.4603235,17.00363,0.5828371,12.79087,0.5712119,0.03752815,1.885475,1.263435,0.7961705,4.265528,0.9961662,4.319382,3.859081,22.16612,0.5717394,542.0677,0.3929295,1345.296,0.1688834,-79.36906,-1.031522,1660.634,0.1363252,1006.486,0.3411822,-88.81683,-0.8383808,2672.669,0.1001407,953.5148,0.412137,-89.54279,-0.8249739,-23.23931,-0.212627,31.61072,0.171228,-0.032991,-0.9364286,-0.01975807,-0.5913409,0.1013712,1.063643,24.94353,0.310689,22.78808,0.2998754,18.5811,0.5961733,13.48598,0.5951852,-13.19583,19.67299,-0.06273524,-0.005831477,0.06600577,3.803043,2.229937,0.2920958,0.2239409,0.145,0.2224931,-41.42537,0
'HC_FREE_0064.wav',0.0,24.34204,0.166146,21.86344,23.98833,27.58751,5.724072,160.2713,132.1691,175.1662,362.3832,0.2615358,0.9403766,0.05607544,0.1743191,0.478519,0.4224435,6.499306,3.348313,5.024176,3.895326,0.1220031,1.312692,24.57068,0.6185446,10.76763,0.744787,9.364687,1.045334,4.819237,2.434789,0.05174659,2.215883,1.144234,0.8759617,3.735565,1.165962,4.856855,2.802832,28.31413,0.3089822,456.4454,0.2835225,1271.184,0.1472695,-100.154,-0.9518,1420.319,0.1505528,1011.205,0.3014665,-107.8177,-0.809436,2472.032,0.09858024,841.3153,0.448375,-111.7031,-0.7467343,-19.53811,-0.3117647,28.17974,0.2403074,0.01513118,2.150272,-0.02861765,-0.4197983,0.2008775,0.9056844,35.96546,0.3037163,12.87546,0.6809097,9.823756,1.252189,1.805112,7.059384,-15.56828,21.55683,-0.05321695,-0.01148834,0.03779209,2.590674,1.563663,0.3204762,0.2506273,0.3273684,0.5035228,-36.95269,0
'HC_FREE_0071.wav',0.0,31.36747,0.1653873,28.82006,31.77013,35.18817,6.368107,322.532,420.9647,162.6047,461.4668,0.3841469,0.7171543,0.1207727,0.3309451,0.6066555,0.4858828,5.156147,2.826738,4.452544,3.164833,0.1977951,1.029516,25.9806,0.6516963,14.59649,0.7779328,14.45658,0.9091971,2.661119,4.17731,0.0279748,2.720479,0.8871591,1.061045,8.484826,0.5974182,9.238965,1.76541,32.88152,0.4432246,606.6912,0.2426608,1304.462,0.1714349,-84.89875,-1.015547,1718.12,0.1494585,958.5012,0.4119993,-93.46657,-0.8320112,2744.312,0.09705371,923.2208,0.3892956,-96.79302,-0.7754201,-25.33444,-0.299967,33.40556,0.259084,0.03723148,1.179641,-0.0337178,-0.3542387,0.2700514,0.7901344,36.02533,0.2993124,18.99371,0.5487777,15.95057,0.9251097,2.068446,6.220966,-8.493329,15.25177,-0.02628785,-0.01353375,0.06997209,2.899824,1.877934,0.3298437,0.229779,0.1784615,0.2611173,-31.36148,0
'HC_FREE_0105.wav',0.0,23.40057,0.1504784,21.34782,22.96738,25.5059,4.158079,229.2935,311.8864,73.25061,79.40593,0.352708,0.5568441,0.1423997,0.3319843,0.5384896,0.39609,4.796822,2.22326,4.385386,2.762845,0.1234904,0.7419522,29.4423,0.4702213,6.292213,1.636806,15.1731,0.8501165,9.194029,0.9801553,0.03330552,2.228418,1.049304,0.9927613,4.399902,0.9655884,7.072433,1.794402,25.02761,0.3006433,494.4666,0.3358923,1269.97,0.1654336,-51.07833,-1.460918,1501.691,0.1536949,979.9348,0.3133245,-60.77929,-1.142032,2489.748,0.1069037,877.7466,0.3066024,-65.0288,-1.029876,-17.37978,-0.3397508,25.43746,0.2083956,-4.376181e-05,-687.6401,-0.02097199,-0.597505,0.1382195,0.6563679,35.03107,0.2526996,6.506939,1.668124,16.57842,0.829551,8.892121,1.102476,-11.63541,17.5894,-0.05504112,-0.00550505,0.06965023,4.256757,1.962775,0.3912069,0.3704893,0.1023636,0.1201055,-37.29107,0
